<?xml version="1.0" encoding="UTF-8"?><?xml-stylesheet type='text/xsl' href='_UpgradeReport_Files/UpgradeReport.xslt'?><UpgradeLog>
<Properties><Property Name="Solution" Value="Car_Parking">
</Property><Property Name="Solution File" Value="G:\source\Source Code Collection\Car-Parking\Car-Parking(txt file)-CS\Car_Parking(txt file)\Car_Parking.sln">
</Property><Property Name="User Options File" Value="G:\source\Source Code Collection\Car-Parking\Car-Parking(txt file)-CS\Car_Parking(txt file)\Car_Parking.suo">
</Property><Property Name="Date" Value="Wednesday, February 18, 2015">
</Property><Property Name="Time" Value="22:15 PM">
</Property><Property Name="Log Number" Value="2">
</Property></Properties><Event ErrorLevel="0" Project="" Source="Car_Parking.sln" Description="File successfully backed up as G:\source\Source Code Collection\Car-Parking\Car-Parking(txt file)-CS\Car_Parking(txt file)\Backup\Car_Parking.sln">
</Event><Event ErrorLevel="0" Project="" Source="Car_Parking.suo" Description="File successfully backed up as G:\source\Source Code Collection\Car-Parking\Car-Parking(txt file)-CS\Car_Parking(txt file)\Backup\Car_Parking.suo">
</Event><Event ErrorLevel="0" Project="Car_Parking" Source="Car_Parking\Car_Parking.csproj" Description="Project file successfully backed up as G:\source\Source Code Collection\Car-Parking\Car-Parking(txt file)-CS\Car_Parking(txt file)\Backup\Car_Parking\Car_Parking.csproj">
</Event><Event ErrorLevel="0" Project="Car_Parking" Source="Car_Parking\Form1.cs" Description="File successfully backed up as G:\source\Source Code Collection\Car-Parking\Car-Parking(txt file)-CS\Car_Parking(txt file)\Backup\Car_Parking\Form1.cs">
</Event><Event ErrorLevel="0" Project="Car_Parking" Source="Car_Parking\Form1.Designer.cs" Description="File successfully backed up as G:\source\Source Code Collection\Car-Parking\Car-Parking(txt file)-CS\Car_Parking(txt file)\Backup\Car_Parking\Form1.Designer.cs">
</Event><Event ErrorLevel="0" Project="Car_Parking" Source="Car_Parking\Program.cs" Description="File successfully backed up as G:\source\Source Code Collection\Car-Parking\Car-Parking(txt file)-CS\Car_Parking(txt file)\Backup\Car_Parking\Program.cs">
</Event><Event ErrorLevel="0" Project="Car_Parking" Source="Car_Parking\Properties\AssemblyInfo.cs" Description="File successfully backed up as G:\source\Source Code Collection\Car-Parking\Car-Parking(txt file)-CS\Car_Parking(txt file)\Backup\Car_Parking\Properties\AssemblyInfo.cs">
</Event><Event ErrorLevel="0" Project="Car_Parking" Source="Car_Parking\Properties\Resources.Designer.cs" Description="File successfully backed up as G:\source\Source Code Collection\Car-Parking\Car-Parking(txt file)-CS\Car_Parking(txt file)\Backup\Car_Parking\Properties\Resources.Designer.cs">
</Event><Event ErrorLevel="0" Project="Car_Parking" Source="Car_Parking\Properties\Settings.Designer.cs" Description="File successfully backed up as G:\source\Source Code Collection\Car-Parking\Car-Parking(txt file)-CS\Car_Parking(txt file)\Backup\Car_Parking\Properties\Settings.Designer.cs">
</Event><Event ErrorLevel="0" Project="Car_Parking" Source="Car_Parking\Properties\Settings.settings" Description="File successfully backed up as G:\source\Source Code Collection\Car-Parking\Car-Parking(txt file)-CS\Car_Parking(txt file)\Backup\Car_Parking\Properties\Settings.settings">
</Event><Event ErrorLevel="0" Project="Car_Parking" Source="Car_Parking\Form1.resx" Description="File successfully backed up as G:\source\Source Code Collection\Car-Parking\Car-Parking(txt file)-CS\Car_Parking(txt file)\Backup\Car_Parking\Form1.resx">
</Event><Event ErrorLevel="0" Project="Car_Parking" Source="Car_Parking\Properties\Resources.resx" Description="File successfully backed up as G:\source\Source Code Collection\Car-Parking\Car-Parking(txt file)-CS\Car_Parking(txt file)\Backup\Car_Parking\Properties\Resources.resx">
</Event><Event ErrorLevel="1" Project="Car_Parking" Source="Car_Parking\Car_Parking.csproj" Description="Your project is targeting .NET Framework 2.0 or 3.0. If your project uses assemblies requiring a newer .NET Framework, your project will fail to build. You can change the .NET Framework version by clicking Properties on the project menu and then selecting a new version in the '.NET Framework' dropdown box. (In Visual Basic, this is located on the Compile tab by clicking the 'Advanced Compiler Options...' button.)">
</Event><Event ErrorLevel="0" Project="Car_Parking" Source="Car_Parking\Car_Parking.csproj" Description="Project converted successfully">
</Event><Event ErrorLevel="3" Project="Car_Parking" Source="Car_Parking\Car_Parking.csproj" Description="Converted">
</Event><Event ErrorLevel="0" Project="" Source="Car_Parking.sln" Description="Solution converted successfully">
</Event><Event ErrorLevel="3" Project="" Source="Car_Parking.sln" Description="Converted">
</Event><Event ErrorLevel="0" Project="Car_Parking" Source="Car_Parking\Car_Parking.csproj" Description="Scan complete: Upgrade not required for project files.">
</Event></UpgradeLog>